p,rt AT_USER .AT_USER kicks off its european expansion with bitcoin atm launch inside AT_USER hq URL
p,volume of bitcoin btc/usd AT_USER surging 13% in last 1 hr. now 1.8m. was 1.6m usd
d,did you know you can validate your bitcoin addresses by giving them a "tag"? URL
p,best coin mining system URL cointellect bitcoin coin
d,rt AT_USER soon bitcoin URL
d,anxbtc $btcusd hongkong high 232.63 low 221.22 last 227.92 vol 1047 buy 225.78 sell 229.13 bitcoin URL 07 11:59
d,get free.. URL
n,rt AT_USER the silent war on bitcoin has begun! URL via AT_USER cryptocurrency war money business finance '
d,rt AT_USER 3rd satoshiroundtable decision locked: it was decided how to split the mtgox bitcoin spoils: 1/50th for each attendee
d,rt AT_USER [h] $8 xbox currency code [w] $6 btc URL URL
d,i always assumed that this was happening it bitcoin mining. URL
n,rt AT_USER the silent war on bitcoin has begun! URL via AT_USER cryptocurrency war money business finance '
d,accelerate your earnings best coin mining system URL cointellect bitcoin coin
d,coinsetter $btcusd canada high n/a low n/a last 227.91 vol 632 buy 227.81 sell 227.90 bitcoin URL 07 11:59
p,inside the chinese bitcoin mine that's making $1.5m a month | motherboard URL
d,bitcoin prices: btc-e:$223.398; bitstamp:$227.94; bitfinex:$228.34; kraken:$231.45168; URL
p,new jersey state legislature to hold bitcoin hearing URL
d,bitstamp prices last: $227.95 bid: $227.77 ask: $227.95 vol: 7837.57 btc URL
p,rt AT_USER soon bitcoin URL
d,rt AT_USER 3rd satoshiroundtable decision locked: it was decided how to split the mtgox bitcoin spoils: 1/50th for each attendee
d,rdd / btc on the exchanges: cryptsy: 0.00000010 bittrex: 0.00000011 average $2.5e-5 per reddcoin 20:00:01
d,1 bitcoin = $3386.71 mxn | $227.77 usd bitapeso precio: URL - saturday 7th of february 2015 01:00 pm
p,the current btc (bitcoin) value in usd is $227.03
n,win $200 in dogecoins every hour! URL doge dogecoin btc bitcoin ltc
n,bitcoin difficulty: 41,272,873,895 ; next(estimate) 45,203,664,477 (+10%) in 1 day 16 hours ; URL
d,rt AT_USER anxbtc $btcusd hongkong high 232.63 low 221.22 last 227.92 vol 1047 buy 225.78 sell 229.13 bitcoin URL
d,[czr/btc price] current AT_USER czr/btc price on AT_USER is 0.00004887, volume 1.466 btc bitcoin czarcoin
d,$227.95 bitstamp; $223.40 btce; instantly buy gh/s with btc: URL bitcoin btc
d,the price of ghs/btc on cex.io is now 0.00078202
p,current cex.io rate: 0.00078202 btc (0.18094 usd) per ghs. bitcoin btc price ghs cexio ghash by capsload.it. AT_USER
p,bitcoin gives us freedom from fear! URL
p,current price: 227.95$ $btcusd $btc bitcoin 2015-02-07 14:00:04 est
p,current price: 201.46' $btceur $btc bitcoin 2015-02-07 20:00:04 cet
d,"if saving money is wrong, i don't want to be right!" - william shatner bitcoin
p,the average price of bitcoin across all exchanges is 227.89 usd
p,btcturk 564.55 tl koinim 583.96 tl campbx 225.58 $ btce 222.99 $ bitstamp 227.79 $ scounter bitcoin btc URL
p,current bitcoin exchange rate: 202.65402653' bitcoins money exchangerates btc
p,one bitcoin now worth $226.951. market cap $3.135 billion. based on coindesk bpi bitcoin
d,new free iphone/ipad app - bitcoin money miner - URL
d,rt AT_USER AT_USER AT_USER AT_USER why? it's in the dictionary. what else would anyone call it? bedroomtax http:/'
d,bitcoin money miner: bitcoin money miner is URL via AT_USER on AT_USER vote now! URL
p,one bitcoin now worth $227.95AT_USER high $231.14. low $220.34. market cap $ 3.148 billion bitcoin URL
d,1 btc (bitcoin) quotes: $227.59/$227.94 bitstamp $223.35/$223.64 btce  $-4.59/$-3.95 $227.94/$228.29 coinbase  $0.00/$0.70
n,rt AT_USER the silent war on bitcoin has begun! URL via AT_USER cryptocurrency war money business finance '
d,cointraderx $btcusd vancouver high 286.22 low 222.00 last 227.00 vol 68 buy 224.89 sell 229.00 bitcoin URL 07 11:59
p,bitcoin value: 0.01475558 btc, hash rate: 15189mhash/s, score: "4331.37341194", shares: 27720, total value: $3.36 btc bitcoin
n,rt AT_USER the silent war on bitcoin has begun! URL via AT_USER cryptocurrency war money business finance '
n,bitcoin btc new post - silk road founder convicted through a bitcoin analysis - URL
p,new jersey state legislators held a hearing this week on the regulation, technology and potential surrounding bitcoin URL
p,rt AT_USER soon bitcoin URL
d,accelerate your earnings.mining done right. best coin mining system URL cointellect bitcoin coin
d,double your bitcoins in 72 hours, bitcoin money clip. URL
d,double your bitcoins in 72 hours, bitcoin money clip. URL
d,rt AT_USER bitcoin royalty sign the AT_USER at the satoshiroundtable AT_USER AT_USER AT_USER AT_USER URL
n,rt AT_USER the silent war on bitcoin has begun! URL via AT_USER cryptocurrency war money business finance '
d,double your bitcoins in 72 hours, bitcoin money clip. URL
d,double your bitcoins in 72 hours, bitcoin money clip. URL
d,double your bitcoins in 72 hours, bitcoin money clip. URL
d,rt AT_USER [h] $30 visa gift card and $54 paypal [w] $80 bitcoin or $1 less URL URL
d,successful income investing guide for beginners,bitcoin money saving. URL
d,double your bitcoins in 72 hours, bitcoin money clip. URL
d,the best way to get free bitcoins: best free bitcoin,bitcoin money making. URL
p,bitcoin panel seeks new take on regulation in new jersey URL
d,double your bitcoins in 72 hours, bitcoin money clip. URL
p,rt AT_USER soon bitcoin URL
d,double your bitcoins in 72 hours, bitcoin money clip. URL
d,where can i get informed about bitcoin? URL bitcoin btc
p,rt ankvanwylick: ecuador becomes the first country to roll out its own digital currency URL bitcoin fintech
p,ukraine's currency just collapsed 50 percent in two days (why i think bitcoin will be popular someday) : bitcoin URL
p,rt AT_USER soon bitcoin URL
n,rt AT_USER the silent war on bitcoin has begun! URL via AT_USER cryptocurrency war money business finance '
d,get your first free bitcoins now! try it and earn it : URL bitcoin btc february 07, 2015 at 08:00pm
d,rt AT_USER bitcoin giveaway $22.85 via AT_USER celebrating us having 2285 followers! to enter follow and rt. bitcoin URL
p,italy's central bank welcomes bitcoin to the boot URL news cryptocurrency
n,silkroad reloaded startet mit tor-alternative bitcoin URL news cryptocurrency
p,current price of bitcoin is $228.29.
d,invest btc here get 8% profit. loan request by AT_USER bitcoin
n,rt AT_USER the silent war on bitcoin has begun! URL via AT_USER cryptocurrency war money business finance '
p,rt AT_USER soon bitcoin URL
n,sec is reportedly investigating bitcoin startup gaw miners URL news cryptocurrency
d,looking for low-risk investments with high yield,bitcoin money per hour. URL
n,british bankers association tries to fight bitcoin's growth in the uk URL news cryptocurrency
d,double your bitcoins in 72 hours, bitcoin money clip. URL
p,AT_USER AT_USER completes 1st bitcoin derivatives trade on regulated exchange URL news cryptocurrency
p,rt AT_USER soon bitcoin URL
p,weekly round up: coinbase scores funding record of $75m, ingenico welcomes bitcoin and more URL news cryptocurrency
p,"now, every visa card has a bitcoin address" - URL [launching o URL [URL bitcoin
n,bitcoin payment processor egopay freezes fund amidst rumours of foul play URL news cryptocurrency
d,europe's biggest payments processor ingenico adds bitcoin to pos terminals URL news cryptocurrency
d,current price of bitcoin is $228.29 see you again in an hour! bitcoin crypto
p,rt AT_USER the average price of bitcoin across all exchanges is 227.89 usd
d,double your bitcoins in 72 hours, bitcoin money clip. URL
n,the death of bitcoin? URL finance money
d,tech a rare look inside a massive bitcoin mine URL
p,boom ex head of ubs bank - global financial giant - mr. gruber believes in bitcoin and blockchain URL
d,free btc URL
p,rt AT_USER bitcoin-friendly cannabis vending machines makes 'historic' debut in' URL bitcoin cannabis URL
n,rt AT_USER god.. i really hate bitcoin people. specifically the self declared royalty of bitcoin
n,silk road founder convicted through a bitcoin analysis URL | your ad here URL
d,puffthepenguin has won 0.005 bitcoins bitcoin play games streaker- play for free here: URL
d,double your bitcoins in 72 hours, bitcoin money clip. URL
p,coinbase-ios-sdk: integrate bitcoin into your ios application with coinbase objective-c URL
n,rt AT_USER the silent war on bitcoin has begun! URL via AT_USER cryptocurrency war money business finance '
d,double your bitcoins in 72 hours, bitcoin money clip. URL
p,rt AT_USER bitcoin reddit where can i get informed about bitcoin? @ URL
n,rt AT_USER bitcoin was not designed for government regulations! URL bitcoin cryptocoin
d,rt AT_USER [czr/btc price] current AT_USER czr/btc price on AT_USER is 0.00004887, volume 1.466 btc bitcoin czarcoin
d,rt AT_USER bitcoin fun casino URL provably fair gaming altcoin cryptocurrency casino URL
p,rt AT_USER soon bitcoin URL
d,bitcoin $btcusd tickers bitfinex 228.32 bitstamp 227.95 btce 223.40 lakebtc 229.14 anxbtc 227.92 more &gt; URL
p,rt AT_USER soon bitcoin URL
n,rt AT_USER the silent war on bitcoin has begun! URL via AT_USER cryptocurrency war money business finance '
p,AT_USER best quote at satoshiroundtable. bitcoin is like a chest burster from aliens. AT_USER AT_USER AT_USER
d,double your bitcoins in 72 hours, bitcoin money clip. URL
p,rt AT_USER wall street's threat to the american middle class URL bitcoin
p,rt AT_USER wall street's threat to the american middle class URL bitcoin
d,rt AT_USER soon bitcoin URL
n,URL we love dogecoin! doge dogecoin btc bitcoin ltc altcoin
p,bitcoin ingl s ecuador becomes the first country to roll out its own digital durrency via /r/bitcoin URL
d,btcchina $btccny china high 1437.11 low 1382.66 last 1412.37 vol 205083 buy 1412.38 sell 1412.85 bitcoin URL 07 12:01
d,best coin mining system URL cointellect bitcoin coin
p,vice media will release 24-hour chinese bitcoin story on snapchat URL via AT_USER
n,$1=6952 dogecoin, 1 doge = $0.00014 or 63 satoshi ( cryptsy:64 vircurex:63 bter:64 ), coinbase btc = $228.29
p,life inside a secret chinese bitcoin mine (trailer) URL
d,okcoin $btccny china high 1437.00 low 1384.35 last 1412.09 vol 115816 buy 1411.94 sell 1412.09 bitcoin URL 07 12:02
n,rt AT_USER the silent war on bitcoin has begun! URL via AT_USER cryptocurrency war money business finance '
p,live: profit = $502.43 (0.42 %). buy b524.71 @ $225.36 (btce). sell @ $226.76 (bitfinex) bitcoin btc - URL
p,italy says no aml requirements for digital currency companies URL news aml antimoneylaundering bancad'italia bitcoin
d,another day beautiful day at URL | bitcoin poker forum rewards casino bonus | AT_USER
d,free mining pool. your computer on! earn from 1' free to 99' on day! URL stellar maidsafecoin bitcoin
d,accelerate your earnings best coin mining system URL cointellect bitcoin coin
d,rt AT_USER soon bitcoin URL
p,italy says no aml requirements for digital currency companies URL bitcoin
p,italy says no aml requirements for digital currency companies URL bitcoin
p,italy says no aml requirements for digital currency companies URL news aml antimoneylaundering bancad'italia bitcoin
n,rt AT_USER the silent war on bitcoin has begun! URL via AT_USER cryptocurrency war money business finance '
d,huobi $btccny china high 1416.01 low 1386.86 last 1411.56 vol 93 buy 1411.40 sell 1411.68 bitcoin URL 07 12:02
p,bitcoin where can i get informed about bitcoin? - i asked this question earlier : URL URL
n,rt AT_USER the silent war on bitcoin has begun! URL via AT_USER cryptocurrency war money business finance '
d,accelerate your earnings.mining done right. best coin mining system URL cointellect bitcoin coin
d,best coin mining system URL cointellect bitcoin coin
p,great interview: life inside a secret chinese bitcoin mine (motherboard interview). URL
p,bitcoin rush: speed interview w/ andreas m. antonopoulos(video_eng) | bitcoincafe URL
d,rt AT_USER soon bitcoin URL
d,lakebtc $btccny bvi high 1435.41 low 1379.21 last 1413.26 vol 9390 buy 1408.78 sell 1413.26 bitcoin URL 07 12:02
p,bitcoin startup hashrabbit accelerates $500k in funding to expand its operations URL via AT_USER
p,rt AT_USER up another 40% on this latest btc rise thanks to penner sign up here: URL tutorial video here: https:'
d,selling 5 advertising spots (social media &amp; banner advertising combined) on our crypto currency community URL bitcoin
d,accelerate your earnings best coin mining system URL cointellect bitcoin coin
d,rt AT_USER soon bitcoin URL
p,vice media to release chinese bitcoin story on snapchat URL
p,rt AT_USER rt ankvanwylick: ecuador becomes the first country to roll out its own digital currency URL bitcoin fi'
n,ripple and stellar: two jed mccaleb's creations struggling against bitcoin URL via AT_USER
d,accelerate your earnings.mining done right. best coin mining system URL cointellect bitcoin stellar
n,cryptocurrency trading news: bitcoin attempts another rebound; altcoins ... URL | your ad here URL
p,bitcoin miracle: if you had bought 1,000 btc last january you would be a millionaire today! URL
n,bitcoin there is talk bitcoin good and evil, but there is talk and much: news, reviews and views abound and o... URL
d,dicecoin is a modern online game using bitcoin, dogecoin and litecoin cryptocurrencies. URL jgjy
d,rt AT_USER retweet for a tip URL bitcoin blockchain silkroad
d,rt AT_USER soon bitcoin URL
d,dicecoin is a modern online game using bitcoin, dogecoin and litecoin cryptocurrencies. URL guyj
p,as a detailed business narrative, the age of cryptocurrency (AT_USER is to bitcoin what flashboys is to hft URL
d,my new sounds: b!tch, whet [prod. by tarentino] URL on soundcloud
d,AT_USER AT_USER if you're on the right side of the trade. there's a video on youtube of btc-e margin cascading
d,excellent value deals for bitcoin or paypal shoppers music &amp; audio , podcast app don't miss out! URL fb
p,bitcasino.io adds 24 hd endorphina casino games for bitcoin   URL bitcoin
d,rt AT_USER soon bitcoin URL
p,changing the way the way the world sees money bitcoin dogecoin vegas cryptocrawllv URL thehumanfaucet
p,btc playing the 2048 game! join the numbers and get to the tiles in the table below to win free bitcoins ! URL kjhbjk
p,rt AT_USER italy says no aml requirements for digital currency companies URL news aml antimoneylaundering ba'
p,rt AT_USER new jersey state legislators held a hearing this week on the regulation, technology and potential surrounding bitcoin ht'
p,rt AT_USER italy says no aml requirements for digital currency companies URL news aml antimoneylaundering '
d,best coin mining system URL cointellect bitcoin coin
d,btc playing the 2048 game! join the numbers and get to the tiles in the table below to win free bitcoins ! URL uh
d,rt AT_USER soon bitcoin URL
p,know what's awesome? booking a room from my phone on AT_USER paying with bitcoin via my AT_USER wallet. yep. URL
d,madmedia vegas...so...the gold gone...goto...#find it...#bitcoin platnum plan..."old silky u!....plan b!!! technology meets...
d,1 movies with actor shivanshkotia for buy online and download with btc, bitcoin
d,bitcoins in the investment program! get your own bitcoin mine! join the earnings: URL ujghujk
d,rt AT_USER 1 movies with actor shivanshkotia for buy online and download with btc, bitcoin
d,krakenfx $btceur sanfrancisco high 204.98 low 195.91 last 201.16 vol 1641 buy 200.43 sell 201.61 bitcoin URL 07 12:04
d,rt AT_USER 1 movies with actor shivanshkotia for buy online and download with btc, bitcoin
d,rt AT_USER know what's awesome? booking a room from my phone on AT_USER paying with bitcoin via my AT_USER wallet. yep. URL
d,accelerate your earnings best coin mining system URL cointellect bitcoin litecoin
d,bitcoins in the investment program! get your own bitcoin mine! join the earnings: URL ghj
d,rt AT_USER rdd / btc on the exchanges: cryptsy: 0.00000010 bittrex: 0.00000011 average $2.5e-5 per reddcoin 19:45:01
d,rt AT_USER 1 movies with actor shivanshkotia for buy online and download with btc, bitcoin
d,get free btc URL
d,anxbtc $btceur hongkong high 205.60 low 195.52 last 201.29 vol 1042 buy 198.60 sell 203.73 bitcoin URL 07 12:04
d,rt AT_USER 1 movies with actor shivanshkotia for buy online and download with btc, bitcoin
d,get your doge 2015 calendars URL doge dogecoin btc bitcoin ltc altcoin
d,btce prices last: $223.38 bid: $223.40 ask: $223.66 vol: 10110.98 btc URL
d,double your bitcoins in 96 hours, bitcoin money clip. URL
d,double your bitcoins in 96 hours, bitcoin money clip. URL
d,rt AT_USER 1 movies with actor shivanshkotia for buy online and download with btc, bitcoin
d,double your bitcoins in 96 hours, bitcoin money clip. URL
p,rt AT_USER AT_USER best quote at satoshiroundtable. bitcoin is like a chest burster from aliens. AT_USER AT_USER AT_USER
d,invest btc here and get 8% profit URL loan request by AT_USER bitcoin
d,accelerate your earnings.mining done right. best coin mining system URL cointellect bitcoin paycoin
d,double your bitcoins in 96 hours, bitcoin money clip. URL
d,rt AT_USER 1 movies with actor shivanshkotia for buy online and download with btc, bitcoin
d,hitbtc $btceur denmark high 211.98 low 201.03 last 205.08 vol 893 buy 205.08 sell 208.74 bitcoin URL 07 12:04
d,double your bitcoins in 96 hours, bitcoin money clip. URL
d,double your bitcoins in 96 hours, bitcoin money clip. URL
p,darkwallet round 1 funding on lighthouse completed! URL bitcoin
d,double your bitcoins in 96 hours, bitcoin money clip. URL
d,double your bitcoins in 96 hours, bitcoin money clip. URL
d,double your bitcoins in 96 hours, bitcoin money clip. URL
p,i just discovered /r/bitcointechnology - it's very new, but it scratches an itch i've had for a long time. URL bitcoin
d,double your bitcoins in 96 hours, bitcoin money clip. URL
d,rt AT_USER know what's awesome? booking a room from my phone on AT_USER paying with bitcoin via my AT_USER wallet. yep. URL
d,rt AT_USER know what's awesome? booking a room from my phone on AT_USER paying with bitcoin via my AT_USER wallet. yep. URL
d,bitcoin mining video front page in r/videos. URL bitcoin
d,rt AT_USER soon bitcoin URL
p,ecuador becomes the first country to roll out its own digital durrency URL bitcoin
d,double your bitcoins in 96 hours, bitcoin money clip. URL
d,double your bitcoins in 96 hours, bitcoin money clip. URL
d,double your bitcoins in 96 hours, bitcoin money clip. URL
p,vice tours a bitcoin mine in china - coindesk URL bitcoin
p,what will it take for bitcoin to gain mass acceptance? time to vote URL news cryptocurrency
d,itbit $btceur singapore high 198.31 low 197.45 last 197.45 vol 0 buy 200.77 sell 201.23 bitcoin URL 07 12:05
n,bitcoin's price has dropped, but its value hasn't - newsbtc URL bitcoin
d,bitcoin for education: indian mountain school accepts bitcoin donations URL news cryptocurrency
d,forget price, here's how bitcoin really performed in 2014 URL news cryptocurrency
n,bitcoin fallacy led to silk road founder's conviction - cnnmoney URL bitcoin
n,bitcoin daily digest: darkleaks, aussie travel agency embraces btc and more URL news cryptocurrency
n,on one hand: "i don't believe a second, compatible implementation of bitcoin will ever be a good idea." - satoshi URL
p,check it out at AT_USER security for your bitcoin cryptocurrency hardware URL URL
p,wake the hell up. be prepared for doom boys. i am pissed right now i am spitting $btc in your faces. un-fol-now! URL
d,bitcoin daily digest: peter todd on centralization, coinbase reaches nc, ripple and stellar quarrel URL news
p,bitcoin trading abandons the downside - cryptocoinsnews URL bitcoin
d,sign up for a free bitcoin wallet @ URL URL tweet4btc bitcoin 1ds3nzrbjvf8jf3m9nlbpswutpyokshq8d
d,rt AT_USER soon bitcoin URL
d,last: 0.00000019 btc market cap: $6,594.82 usd hashrate: 273.39 mh/s diff: 2 block: 465328 hempcoin $thc potcoin bitcoin
d,comparison site seeks to boost bitcoin remittances in latin america - coindesk URL bitcoin
p,'cheetahs': africa's young minds embrace bitcoin (op-ed) - cointelegraph URL bitcoin
p,italy's central bank welcomes bitcoin to the boot - cryptocoinsnews URL bitcoin
p,bitcoin panel seeks new take on regulation at new jersey hearing - coindesk URL bitcoin
d,paymium $btceur france high 203.80 low 192.10 last 201.00 vol 53 buy 197.22 sell 200.99 bitcoin URL 07 12:05
n,this btc be killin me .
p,italian central bank: no aml requirement for bitcoin exchanges - coindesk URL bitcoin
n,new eu legislation on vat could be bad news for bitcoin - coindesk URL bitcoin
d,rt AT_USER soon bitcoin URL
d,rt AT_USER soon bitcoin URL
p,rt AT_USER italy says no aml requirements for digital currency companies URL news aml antimoneylaundering '
p,rt AT_USER italy says no aml requirements for digital currency companies URL news aml antimoneylaundering ba'
d,a rare look inside a massive bitcoin mine URL via AT_USER
d,[bitcoin] lighthouse, two weeks in URL URL
d,a rare look inside a massive bitcoin mine URL via AT_USER
d,rt AT_USER soon bitcoin URL
p,rt AT_USER italian central bank: no aml requirement for bitcoin exchanges - coindesk URL bitcoin
p,big news: paypal, square, apple pay, reddit, china app store, ali babba, blockchain marriage bitcoin bagile URL
p,rt AT_USER italy says no aml requirements for digital currency companies URL news aml antimoneylaundering ba'
p,rt AT_USER know what's awesome? booking a room from my phone on AT_USER paying with bitcoin via my AT_USER wallet. yep. URL
p,rt AT_USER "what happens if bitcoin fails?" ...impossible. it has already succeeded. our perspective is now irreversibly changed.
d,wow! i just won this for free, 0.0002999 btc bitcoin cryptocurrency digital currency directly URL listia
d,bitcoin market index: 47.07 ofxbtc. altcoin market index (avg): 194.16 ofxavg by URL stay tuned!
p,rt AT_USER AT_USER best quote at satoshiroundtable. bitcoin is like a chest burster from aliens. AT_USER AT_USER AT_USER
d,inside a chinese bitcoin mining facility [video] URL
d,rt AT_USER soon bitcoin URL
d,lighthouse, two weeks in via /r/bitcoin URL URL
d,otoh: "i would love to see multiple implementations of bitcoin being run by miners." - AT_USER URL
n,rt AT_USER bitcoin btc new post - silk road founder convicted through a bitcoin analysis - URL
d, life inside a secret chinese bitcoin mine  - motherboard URL
p,rt AT_USER survey: lower-income populations are more likely to adopt bitcoin URL bitcoin bitkou URL
p,bitcoin is a trojan horse URL
p,newsbtc: bitcoin's price has dropped, but its value hasn't - the price of bitcoin is currently standing in the low...'
p,top story: bitcoin panel seeks new take on regulation in new jersey URL see more URL
d,rt AT_USER soon bitcoin URL
p,in the last 10 mins, there were arb opps spanning 16 exchange pair(s), yielding profits ranging between $0.02 and $607.37 bitcoin btc
d,i'm dan the man and i'm a professional bitcoin farmer.
d,rt AT_USER soon bitcoin URL
p,current price of bitcoin is $228.29 via chain
d,best coin mining system URL cointellect bitcoin coin
d,how far can you make bitcoin or paypal go? you can get video &amp; animation , check gig now! URL fb
d,rt AT_USER soon bitcoin URL
d,a rare look inside a massive bitcoin mine via AT_USER URL
n,the silent war on bitcoin has begun! - btcfeed URL btc bitcoin bitcoins cryptonews news cryptocurrencies banks
d,rt AT_USER after reading this: URL and this: URL it's clear that it's time for darkcoin! htt'
n,madmedia bitcoin v fiat...#gold melted...#smelted...#felt it...private game!!! us fed 3served deserved..nbc "delusions intrusions"
d,accelerate your earnings best coin mining system URL cointellect bitcoin coin
n,the silent war on bitcoin has begun! - btcfeed bagile war URL URL
d,accelerate your earnings.mining done right. best coin mining system URL cointellect bitcoin coin
n,bitcoin might fail but the blockchain is here to stay - full wired retai...: URL via AT_USER
p,bitcoin panel seeks new take on regulation at new jersey hearing - URL
d,rt AT_USER forex, equities, bitcoin money per hour, private equity, hedge funds bitcoin money per hour. URL
d,rt AT_USER money online investment, make money online,bitcoin money per hour. URL
d,rt AT_USER soon bitcoin URL
d,rt AT_USER dicecoin is a modern online game using bitcoin, dogecoin and litecoin cryptocurrencies. URL jgjy
d,rt AT_USER dicecoin is a modern online game using bitcoin, dogecoin and litecoin cryptocurrencies. URL guyj
d,rt AT_USER bitcoin investment 5000% of your spend after 7 days bitcoin money per hour. URL
p,italy says no aml requirements for digital currency companies: italy is looking at bitcoin and ... URL bitcoin coin
p,rt AT_USER qatr investment 3400% profit in 24 hours (principal return) bitcoin money saving. URL
p,rt AT_USER italian central bank: no aml requirement for bitcoin exchanges - coindesk URL bitcoin
p,rt AT_USER wake the hell up. be prepared for doom boys. i am pissed right now i am spitting $btc in your faces. un-fol-now! http:'
d,rt AT_USER how to find low risk, high return investments,bitcoin money per hour. URL
d,rt AT_USER [h] $25 amazon gift card [w] 88% paypal or bitcoin URL URL
d,rt AT_USER soon bitcoin URL
d,rt AT_USER receive high rates of return bitcoin money per hour. URL
d,rt AT_USER personal investment plans, products and services,bitcoin money per hour. URL
d,rt AT_USER where to find the best savings account rates,bitcoin money per hour. URL
d,rt AT_USER investing, trading and retirement,bitcoin money per hour. URL
d,rt AT_USER high profit invest online,bitcoin money per hour. URL
d,bitcoin: you can be a partner in the great decentralized bitcoin exchange. heres how: - URL
p,rt AT_USER the bitcoin diff is set to rise about 7.38% in just under 2 days. if you thought it was unprofitable now, just you wait!
p,this is where we're headed! how bitcoin and the blockchain could stop firms cooking the books URL via AT_USER
p,bitcoin daily digest: darkleaks, aussie travel agency embraces btc and more URL news cryptocurrency
n,bitcoin payment processor egopay freezes fund amidst rumours of foul play URL news cryptocurrency
d,check it out at AT_USER security for your bitcoin cryptocurrency hardware URL URL
p,europe's biggest payments processor ingenico adds bitcoin to pos terminals URL news cryptocurrency
p,rt AT_USER wall street's threat to the american middle class URL bitcoin
n,sec is reportedly investigating bitcoin startup gaw miners URL news cryptocurrency
d,bitcoin daily digest: peter todd on centralization, coinbase reaches nc, ripple and stellar quarrel URL news
d,rt AT_USER egopay investment 5000% of your spend after 5 days bitcoin money per hour. URL
d,rt AT_USER soon bitcoin URL
p,bitcoin booming in the czech republic URL via AT_USER
d,rt AT_USER is it time to invest in hyip,bitcoin money per hour. URL
d,rt AT_USER soon bitcoin URL
d,bitcoin bitcoin secrets URL
d,bitcoin crypto arbitrager URL
d,bitcoin bitcoin miracle URL
d,bitcoin bitcoin and litecoin survival guide URL
d,bitcoin mine bitcoins URL
d,bitcoin bitcoin secrets: how to make dollar after dollar after dollar with bitcoins. URL
d,bitcoin bitcoin revolution URL
d,bitcoin crypto arbitrager: cryptocurrency arbitrage trading robot, trading bitcoins and litecoins. URL
d,bitcoin bitcoin wealth alliance URL
p,bitcoin bitcoin miracle: if you had bought 1,000 btc last january you would be a millionaire today! URL
d,bitcoin 10 best ways to earn extra money URL
d,bitcoin bitcoin and litecoin survival guide: ebook, how to thrive in the new digital wild west of' URL
d,bitcoin mine bitcoins: learn to mine bitcoins in minutes and start earning $$$ today. URL
d,bitcoin bitcoin revolution: do you know there is a financial revolution going on under your very nose? URL
d,bitcoin bitcoin wealth alliance: you could change your financial future forever with bitcoins! URL
d,bitcoin 10 best ways to earn extra money: this no nonsense guide is an over view of the 10 best ways to earn extra' URL
d,rt AT_USER high rates of return on your investments,bitcoin money per hour. URL
d,weekend bitcoin URL
d,rt AT_USER the best investment plan for investing in bitcoin bitcoin money per hour. URL
d,rt AT_USER soon bitcoin URL
d,rt AT_USER online investments 5000% of your spend after 2 days bitcoin money per hour. URL
p,anoncoin/#anc price now: $ 0.160882, that's 1.13 % change in 1hour. 8.56 % past day, and 9.05 % in the past week! bitcoin is $ 227.27
d,new bitcoin &amp; the arts special w/ AT_USER topic: AT_USER introducing neals album URL URL
p,rt AT_USER italy says no aml requirements for digital currency companies URL bitcoin
p,rt AT_USER italy says no aml requirements for digital currency companies URL bitcoin
d,rt AT_USER looking for low-risk investments with high yield,bitcoin money per hour. URL
d,magento host1plus partners with coinzone for bitcoin payments URL the coinzone solution includes an online check-out '
p,if anyone is looking for a dope btc gambling game with the best payout odds: URL
d,vtc / btc price: cryptsy 0.00006030. usd$0.01 per vertcoin
d,rt AT_USER investment plan which no chance to lose money in our program bitcoin money per hour. URL
d,magento host1plus partners with coinzone to accept bitcoin payment URL coinzone includes an online checkout available'
d,weekend bitcoin - URL view on wordpress URL
d,rt AT_USER perfect money investment 5000% of your spend after 3 days bitcoin money per hour. URL
d,raffle winners: .10 btc weekly giveaway - URL just announced this weeks winner still have two raffles going bitcoin
p,italy says no aml requirements for digital currency companies: URL bitcoin btc
d,rt AT_USER soon bitcoin URL
d,bitfinex prices last: $227.01 bid: $227.83 ask: $228.40 vol: 37228.47 btc URL
d,choosing the safest investment path for a comfortable life, bitcoin money clip. URL
d,choosing the safest investment path for a comfortable life, bitcoin money clip. URL
d,choosing the safest investment path for a comfortable life, bitcoin money clip. URL
d,choosing the safest investment path for a comfortable life, bitcoin money clip. URL
d,choosing the safest investment path for a comfortable life, bitcoin money clip. URL
d,choosing the safest investment path for a comfortable life, bitcoin money clip. URL
d,choosing the safest investment path for a comfortable life, bitcoin money clip. URL
d,choosing the safest investment path for a comfortable life, bitcoin money clip. URL
p,tublet &amp; gates help kids double down on fun, learning &amp; life lessons at URL startup bitcoin URL
d,choosing the safest investment path for a comfortable life, bitcoin money clip. URL
d,rt AT_USER inside the chinese bitcoin mine that's making $1.5m a month: URL URL
d,rt AT_USER soon bitcoin URL
d,choosing the safest investment path for a comfortable life, bitcoin money clip. URL
d,choosing the safest investment path for a comfortable life, bitcoin money clip. URL
d,10 things you need to know about bitcoin URL via AT_USER chiletech
d,rt AT_USER soon bitcoin URL
d,choosing the safest investment path for a comfortable life, bitcoin money clip. URL
d,dogecoin mining - collect earnings from pool free! URL every accepted invite gets a tip bitcoin
d,choosing the safest investment path for a comfortable life, bitcoin money clip. URL
d,rt AT_USER italy says no aml requirements for digital currency companies URL bitcoin
n,rt AT_USER the silent war on bitcoin has begun! - btcfeed bagile war URL URL
d,rt AT_USER selling 5 advertising spots (social media &amp; banner advertising combined) on our crypto currency community URL
p,us has licensed bitcoin trading URL - with iot will v c real currencies in virtual avatar mined by govt cutting costs!
d,altcoins get your free hourly bitcoin here URL
d,bitcoinmining cryptocurrency bitcoin: what it's like inside one of the world's largest bitcoin... URL howto
d,rt AT_USER soon bitcoin URL
d,a rare look inside a massive bitcoin mine URL via AT_USER
d,bitcoin-based crowdfunding with automated shares disbursements for eplug pledgers.. URL URL
d,rt AT_USER soon bitcoin URL
d,new mining software - daily coins from your pc. URL every invite gets a tip bitcoin
p,rt AT_USER darkwallet round 1 funding on lighthouse completed! URL bitcoin
p,rt AT_USER i just discovered /r/bitcointechnology - it's very new, but it scratches an itch i've had for a long time. URL
d,rt AT_USER bitcoin mining video front page in r/videos. URL bitcoin
d,rt AT_USER ecuador becomes the first country to roll out its own digital durrency URL bitcoin
d,rt AT_USER vice tours a bitcoin mine in china - coindesk URL bitcoin
p,rt AT_USER bitcoin's price has dropped, but its value hasn't - newsbtc URL bitcoin
n,rt AT_USER bitcoin fallacy led to silk road founder's conviction - cnnmoney URL bitcoin
p,rt AT_USER bitcoin trading abandons the downside - cryptocoinsnews URL bitcoin
p,rt AT_USER comparison site seeks to boost bitcoin remittances in latin america - coindesk URL bitcoin
p,rt AT_USER 'cheetahs': africa's young minds embrace bitcoin (op-ed) - cointelegraph URL bitcoin
d,rt AT_USER bitcoin pinkcoin $btc $pink trading bot how to... URL URL
p,buysellbitco.in bitcoin price in inr, buy : 14345.00 inr sell : 13874.00 inr. buy and sell bitcoin in india using buysellbitcoin
p,bitcoin-based crowdfunding with automated shares disbursements for pledgers.. URL reddit bitcoin
d,you can be a partner in the great decentralized bitcoin exchange. here's how: URL reddit bitcoin
d,quick question : is it a good time to invest in bitcoin? URL reddit bitcoin
d,rt AT_USER darkwallet round 1 funding on lighthouse completed! URL bitcoin
p,rt AT_USER i just discovered /r/bitcointechnology - it's very new, but it scratches an itch i've had for a long time. URL
p,rt AT_USER bitcoin mining video front page in r/videos. URL bitcoin
p,rt AT_USER ecuador becomes the first country to roll out its own digital durrency URL bitcoin
p,rt AT_USER vice tours a bitcoin mine in china - coindesk URL bitcoin
p,rt AT_USER bitcoin's price has dropped, but its value hasn't - newsbtc URL bitcoin
d,rt AT_USER the pink team is going to wow you.... first up is a bitcoin trading bot! just released hours ago... URL
n,rt AT_USER bitcoin fallacy led to silk road founder's conviction - cnnmoney URL bitcoin
p,rt AT_USER bitcoin trading abandons the downside - cryptocoinsnews URL bitcoin
d,rt AT_USER comparison site seeks to boost bitcoin remittances in latin america - coindesk URL bitcoin
p,rt AT_USER 'cheetahs': africa's young minds embrace bitcoin (op-ed) - cointelegraph URL bitcoin
p,italy says no aml requirements for digital currency companies URL bitcoin btc
p,new 24h bitstamp 5m peak bitcoin volume of 2009.211.period high of $229.970
n,ripple and stellar: two jed mccaleb's creations struggling against bitcoin URL bitcoin btc
d,rt AT_USER URL part of the dogecoin community. doge dogecoin btc bitcoin ltc altcoin
p,rt AT_USER darkwallet round 1 funding on lighthouse completed! URL bitcoin
d,rt AT_USER win $200 in dogecoins every hour! URL doge dogecoin btc bitcoin ltc
d,rt AT_USER i just discovered /r/bitcointechnology - it's very new, but it scratches an itch i've had for a long time. URL
d,rt AT_USER URL we love dogecoin! doge dogecoin btc bitcoin ltc altcoin
d,rt AT_USER bitcoin mining video front page in r/videos. URL bitcoin
p,rt AT_USER ecuador becomes the first country to roll out its own digital durrency URL bitcoin
d,rt AT_USER dicecoin is a modern online game using bitcoin, dogecoin and litecoin cryptocurrencies. URL jgjy
d,rt AT_USER dicecoin is a modern online game using bitcoin, dogecoin and litecoin cryptocurrencies. URL guyj
d,rt AT_USER get your doge 2015 calendars URL doge dogecoin btc bitcoin ltc altcoin
d,rt AT_USER it's 2015 how about a doge calendar? URL doge dogecoin btc
d,endorphina games available for bitcoin: the leading online casino platform for bitcoin solutions coin... URL bitcoin
p,rt AT_USER 'cheetahs': africa's young minds embrace bitcoin (op-ed): URL
p,reknowned financial publication showcases bitcoin game-changing potential in the documentary "why bitcoin matters". URL
d,rt AT_USER soon bitcoin URL
d,rt AT_USER soon bitcoin URL
n,silk road founder convicted through a bitcoin analysis (URL
d,vice tours a bitcoin mine in china: URL
d,sipa commented on issue bitcoin/bitcoin5728: feb 7, 2015 sipa commented on issue bitcoin/bitcoin5728 there i... URL
p,rt AT_USER 'cheetahs': africa's young minds embrace bitcoin (op-ed): URL
d,check out our new cryptoinfinity teamspeak and chat live with us URL teamspeak bitcoin
d,rt AT_USER soon bitcoin URL
d,those not in the know that are watching bitstamp right now. bitcoin URL
d,AT_USER yes, i have perfect money account and bitcoin
d,bitcrane t-110s 1 th/s ultra-silent bitcoin mining system from URL URL
d,live: profit = $318.73 (0.33 %). buy b425.17 @ $225.00 (btce). sell @ $226.40 (bitfinex) bitcoin btc - URL
d,rt AT_USER bitcoin-based crowdfunding with automated shares disbursements for eplug pledgers.. URL URL
d,super refreshing to start a project and play with a bunch of libraries/apis. i should do that more often. URL
d,rt AT_USER live: profit = $824.84 (0.70 %). buy b520.59 @ $225.41 (btce). sell @ $227.23 (bitfinex) bitcoin btc - URL
d,rt AT_USER in the last 10 mins, there were arb opps spanning 17 exchange pair(s), yielding profits ranging between $0.04 and $952.84 '
n,rt AT_USER bitcoin btc new post - silk road founder convicted through a bitcoin analysis - URL
d,rt AT_USER live: profit = $502.43 (0.42 %). buy b524.71 @ $225.36 (btce). sell @ $226.76 (bitfinex) bitcoin btc - URL
d,rt AT_USER in the last 10 mins, there were arb opps spanning 16 exchange pair(s), yielding profits ranging between $0.02 and $607.37 '
d,rt AT_USER soon bitcoin URL
d,rt AT_USER soon bitcoin URL
d,inside the chinese bitcoin mine that's making $1.5m a month URL
d,rt AT_USER win $200 in dogecoins every hour! URL doge dogecoin btc bitcoin ltc altcoin cryptocurrency
d,rt AT_USER after reading this: URL and this: URL it's clear that it's time for darkcoin! htt'
p,rt AT_USER URL buy the future! buy moon AT_USER bitcoin AT_USER fintech world altcoins c'
p,awesome AT_USER makes it easy to send and receive money online URL bitcoin crypto URL
d,rt AT_USER soon bitcoin URL
p,bitcoin or paypal deal on business , entrepreneur startup why wait? URL fb
d,AT_USER AT_USER AT_USER check her screenshots of that bitcoin guy adding her to some hilarious lists!   
d,bitcoin generator - get free bitcoins : URL
d,y4it 2014: bitcoin 101 - ron hose URL
